fish.id,Strain,Sex,day,camera,distance.from.bottom(cm),distance.from.center(cm),distance.travelled(cm),percent.explored,boldness.index,NE(ng/mg),DOPAC(ng/mg),DA(ng/mg),5HIAA(ng/mg),5HT(ng/mg),5HIAA:5HT,DOPAC:DA
22-415A,WIK,F,01,c5,6.389231835,6.547482072,19.31530648,58.3,-0.635264407,0.757382991,0.100631854,0.31112115,0.032787201,0.281485813,0.116479053,0.323449094
22-415A,WIK,F,02,c5,5.127177903,5.757589566,18.21006066,61.2,-1.338235113,0.757382991,0.100631854,0.31112115,0.032787201,0.281485813,0.116479053,0.323449094
22-415A,WIK,F,03,c5,6.963920711,6.774100107,20.56682603,60.8,-0.226589236,0.757382991,0.100631854,0.31112115,0.032787201,0.281485813,0.116479053,0.323449094
22-415C,WIK,M,01,c5,7.733092157,6.425343751,27.5323472,70.1,0.446329827,0.713714088,0.076313801,0.341156564,0.032109413,0.285876522,0.112319168,0.223691434
22-415C,WIK,M,02,c5,7.050986569,6.825624888,25.56615901,71.6,0.171081527,0.713714088,0.076313801,0.341156564,0.032109413,0.285876522,0.112319168,0.223691434
22-415C,WIK,M,03,c5,7.132205218,7.551026699,32.77181741,62.1,-0.230459095,0.713714088,0.076313801,0.341156564,0.032109413,0.285876522,0.112319168,0.223691434
22-416A,WIK,M,01,c5,5.799928186,6.857526229,28.71766467,73.1,-0.307769128,0.756143623,0.079145233,0.364163301,0.055292598,0.355731836,0.15543337,0.217334456
22-416A,WIK,M,02,c5,5.483633593,5.934856892,22.27446821,73.6,-0.523578231,0.756143623,0.079145233,0.364163301,0.055292598,0.355731836,0.15543337,0.217334456
22-416A,WIK,M,03,c5,6.450664405,7.209463219,27.37477987,67,-0.207062704,0.756143623,0.079145233,0.364163301,0.055292598,0.355731836,0.15543337,0.217334456
22-416B,WIK,F,01,c6,8.701607947,4.142302323,14.14718013,56,0.344933748,1.076959514,0.246036678,0.42091001,0.026880454,0.332199664,0.08091656,0.584535108
22-416B,WIK,F,02,c6,7.274267561,6.668526106,20.5933284,58.7,-0.409510949,1.076959514,0.246036678,0.42091001,0.026880454,0.332199664,0.08091656,0.584535108
22-416B,WIK,F,03,c6,7.349140468,7.123418268,18.8525476,56.5,-0.308811768,1.076959514,0.246036678,0.42091001,0.026880454,0.332199664,0.08091656,0.584535108
22-417A,WIK,F,01,c5,7.129406428,5.814636845,28.69193819,78.9,0.888336068,0.837842557,0.193880089,0.339449883,0.039573336,0.398763861,0.099240026,0.571159687
22-417A,WIK,F,02,c5,8.137734831,5.911546652,22.52177929,70.3,0.77774,0.837842557,0.193880089,0.339449883,0.039573336,0.398763861,0.099240026,0.571159687
22-417A,WIK,F,03,c5,7.988077398,7.263524685,28.90034185,67.4,0.705574776,0.837842557,0.193880089,0.339449883,0.039573336,0.398763861,0.099240026,0.571159687
22-417B,WIK,M,01,c6,6.36341517,6.321836403,32.27999109,83.2,0.637915383,0.711278681,0.142578224,0.332386629,0.034063027,0.282735586,0.120476617,0.428952947
22-417B,WIK,M,02,c6,5.982647496,6.545146861,30.94031899,79.5,0.39474251,0.711278681,0.142578224,0.332386629,0.034063027,0.282735586,0.120476617,0.428952947
22-417B,WIK,M,03,c6,6.613680056,6.735965052,28.1245372,74.9,0.580346156,0.711278681,0.142578224,0.332386629,0.034063027,0.282735586,0.120476617,0.428952947
22-417C,WIK,M,01,c5,6.586146895,7.025837404,32.49592531,72.6,0.046552503,0.784536963,0.124334753,0.383519971,0.052806609,0.467253875,0.113014812,0.324193686
22-417C,WIK,M,02,c5,8.007564997,5.360247971,24.34047129,75.8,1.173160496,0.784536963,0.124334753,0.383519971,0.052806609,0.467253875,0.113014812,0.324193686
22-417C,WIK,M,03,c5,6.490719526,5.798598091,25.70365909,77.2,0.708339773,0.784536963,0.124334753,0.383519971,0.052806609,0.467253875,0.113014812,0.324193686
22-417D,WIK,F,01,c6,5.566710597,4.801311396,25.08465957,72.8,-0.208108873,0.503702271,0.090837545,0.235184493,0.023336679,0.227751123,0.102465703,0.386239517
22-417D,WIK,F,02,c6,6.806097233,5.22203105,23.81437921,71.4,0.172656251,0.503702271,0.090837545,0.235184493,0.023336679,0.227751123,0.102465703,0.386239517
22-417D,WIK,F,03,c6,7.675700456,6.30441478,29.73427618,72,0.843285037,0.503702271,0.090837545,0.235184493,0.023336679,0.227751123,0.102465703,0.386239517
22-418A,WIK,M,01,c5,5.516784368,5.50959802,25.72571329,77.9,-0.129798875,0.885982727,0.189713558,0.381874897,0.046075124,0.324057496,0.142181942,0.496795049
22-418A,WIK,M,02,c5,5.856838831,5.422696847,22.1918129,76.5,0.001907596,0.885982727,0.189713558,0.381874897,0.046075124,0.324057496,0.142181942,0.496795049
22-418A,WIK,M,03,c5,5.764042902,5.606369312,19.61705928,73.3,-0.064307806,0.885982727,0.189713558,0.381874897,0.046075124,0.324057496,0.142181942,0.496795049
22-418B,WIK,F,01,c6,6.361220954,5.629426508,18.73626243,65.3,-0.251790605,0.706144312,0.07847672,0.306575597,0.046425436,0.303497435,0.152968133,0.255978365
22-418B,WIK,F,02,c6,7.825304331,4.399566507,16.69250854,64.6,0.251142449,0.706144312,0.07847672,0.306575597,0.046425436,0.303497435,0.152968133,0.255978365
22-418B,WIK,F,03,c6,6.541842162,5.634683002,20.6152665,73.6,0.379692227,0.706144312,0.07847672,0.306575597,0.046425436,0.303497435,0.152968133,0.255978365
22-418C,WIK,F,01,c5,4.105540803,6.135042515,24.01993262,67.7,-1.199087722,0.481564121,0.06924713,0.225133152,0.009559493,0.225792314,0.042337548,0.307582999
22-418C,WIK,F,02,c5,6.333867798,6.079712951,27.06172592,76.8,0.281501316,0.481564121,0.06924713,0.225133152,0.009559493,0.225792314,0.042337548,0.307582999
22-418C,WIK,F,03,c5,6.413458181,7.097707131,33.84940133,68.8,0.009315527,0.481564121,0.06924713,0.225133152,0.009559493,0.225792314,0.042337548,0.307582999
22-419B,WIK,M,01,c5,7.548294468,6.785647921,40.13644699,73.5,0.58015874,0.820979526,0.149167312,0.339330944,0.036580121,0.303124008,0.120677083,0.439592423
22-419B,WIK,M,02,c5,5.247050821,5.992770728,31.34068853,72.5,-0.777946482,0.820979526,0.149167312,0.339330944,0.036580121,0.303124008,0.120677083,0.439592423
22-419B,WIK,M,03,c5,6.191056481,7.132575094,32.46029854,70.9,-0.020395785,0.820979526,0.149167312,0.339330944,0.036580121,0.303124008,0.120677083,0.439592423
22-419C,WIK,M,01,c5,5.235640151,4.325491575,35.18925216,61.3,-1.366290394,0.743242747,0.106527582,0.352537985,0.053146495,NA,NA,0.302173345
22-419C,WIK,M,02,c5,6.157052949,5.217144092,35.70941591,71.8,-0.325441122,0.743242747,0.106527582,0.352537985,0.053146495,NA,NA,0.302173345
22-419C,WIK,M,03,c5,6.06680895,6.038168221,35.0999243,75.8,0.334104936,0.743242747,0.106527582,0.352537985,0.053146495,NA,NA,0.302173345
22-448A,WIK,F,01,c5,3.540291977,4.987096858,40.4295395,68.8,-1.408198263,0.821790742,0.125192508,0.298003578,0.038788384,0.261938039,0.148082288,0.420104043
22-448A,WIK,F,02,c5,0.166961273,6.025098561,6.055785699,0.2,-7.794560439,0.821790742,0.125192508,0.298003578,0.038788384,0.261938039,0.148082288,0.420104043
22-448A,WIK,F,03,c5,0.797405409,3.612157772,8.423982655,14.6,-6.251532749,0.821790742,0.125192508,0.298003578,0.038788384,0.261938039,0.148082288,0.420104043
22-448B,WIK,M,01,c5,3.869063257,5.681334158,31.71081082,74.2,-1.18640581,0.74521121,0.136414903,0.404697615,0.05128785,0.320996056,0.159777197,0.337078594
22-448B,WIK,M,02,c5,3.559239284,5.613162921,25.23541341,63.2,-2.747548888,0.74521121,0.136414903,0.404697615,0.05128785,0.320996056,0.159777197,0.337078594
22-448B,WIK,M,03,c5,4.194989556,5.530992299,25.149415,63.8,-1.826944554,0.74521121,0.136414903,0.404697615,0.05128785,0.320996056,0.159777197,0.337078594
22-448C,WIK,M,01,c5,10.13304421,2.86786437,23.19727035,30.1,-1.016839392,0.718740122,0.14168319,0.411113776,0.059552442,0.364878118,0.163211876,0.344632553
22-448C,WIK,M,02,c5,5.878654827,5.56196021,26.97050129,80.7,0.462481623,0.718740122,0.14168319,0.411113776,0.059552442,0.364878118,0.163211876,0.344632553
22-448C,WIK,M,03,c5,5.670850096,5.44740477,23.30149991,74.9,0.020183144,0.718740122,0.14168319,0.411113776,0.059552442,0.364878118,0.163211876,0.344632553
22-449A,WIK,M,01,c5,8.304365922,6.816746833,40.49690221,81.1,1.455379258,0.994884387,0.174434734,0.410342533,0.07645115,0.393364026,0.194352165,0.425095426
22-449A,WIK,M,02,c5,6.944263215,5.329498534,32.35939594,80.4,1.047789781,0.994884387,0.174434734,0.410342533,0.07645115,0.393364026,0.194352165,0.425095426
22-449A,WIK,M,03,c5,8.375488164,4.043241428,21.97511063,53,-0.287239247,0.994884387,0.174434734,0.410342533,0.07645115,0.393364026,0.194352165,0.425095426
22-449B,WIK,F,01,c5,9.175212437,3.31310912,28.80348287,35.7,-0.578686469,0.528826367,0.090849549,0.271085564,0.016178817,0.219202361,0.073807677,0.335132375
22-449B,WIK,F,02,c5,7.261642092,5.778235482,23.24757618,73.1,0.513690122,0.528826367,0.090849549,0.271085564,0.016178817,0.219202361,0.073807677,0.335132375
22-449B,WIK,F,03,c5,10.63179946,5.268637507,11.94755077,50.6,0.952438345,0.528826367,0.090849549,0.271085564,0.016178817,0.219202361,0.073807677,0.335132375
22-450A,WIK,F,01,c5,5.889027018,4.013537202,35.65119346,65.1,-0.489922629,0.431127282,0.109198501,0.191450746,0.02083557,0.141632052,0.147110557,0.57037386
22-450A,WIK,F,02,c5,5.787360208,4.619049721,30.07814089,61.2,-1.003049,0.431127282,0.109198501,0.191450746,0.02083557,0.141632052,0.147110557,0.57037386
22-450A,WIK,F,03,c5,6.524974778,5.571216419,33.92779567,74.8,0.447857759,0.431127282,0.109198501,0.191450746,0.02083557,0.141632052,0.147110557,0.57037386
22-450B,WIK,M,01,c5,8.037078699,5.092939922,31.72972089,78.5,1.151708869,0.595248896,0.137674669,0.289568542,0.049958317,0.33483029,0.149204891,0.475447602
22-450B,WIK,M,02,c5,6.176859078,6.406613742,26.02736946,78.5,0.40059722,0.595248896,0.137674669,0.289568542,0.049958317,0.33483029,0.149204891,0.475447602
22-450B,WIK,M,03,c5,6.275998602,6.82626594,27.94844863,72.6,0.178671586,0.595248896,0.137674669,0.289568542,0.049958317,0.33483029,0.149204891,0.475447602
22-451A,WIK,M,01,c5,7.823369293,4.387802461,32.60992435,67.6,0.325456036,0.606963062,0.19290893,0.276909405,0.05506046,0.211214244,0.260685354,0.696649975
22-451A,WIK,M,02,c5,4.971025697,4.674702135,33.74385875,67.7,-1.449773929,0.606963062,0.19290893,0.276909405,0.05506046,0.211214244,0.260685354,0.696649975
22-451A,WIK,M,03,c5,5.073108593,5.282323505,35.16065486,76.1,-0.230058011,0.606963062,0.19290893,0.276909405,0.05506046,0.211214244,0.260685354,0.696649975
22-451C,WIK,F,01,c5,7.810771376,4.468052997,25.53115965,66.6,0.518132769,0.612653081,0.120053971,0.286000974,0.015442404,0.266551264,0.057934087,0.4197677
22-451C,WIK,F,02,c5,5.062668239,4.948791547,27.00255095,73.2,-0.596311763,0.612653081,0.120053971,0.286000974,0.015442404,0.266551264,0.057934087,0.4197677
22-451C,WIK,F,03,c5,4.553108652,7.496481319,20.4224621,57.3,-1.652744533,0.612653081,0.120053971,0.286000974,0.015442404,0.266551264,0.057934087,0.4197677
22-451D,WIK,M,01,c5,10.46490615,3.379637927,25.91736211,36.8,-0.410167383,0.434840094,0.124930048,0.240887714,0.041529483,0.189220095,0.219477128,0.518623577
22-451D,WIK,M,02,c5,7.682529237,5.54816616,34.30012166,84.1,1.870075334,0.434840094,0.124930048,0.240887714,0.041529483,0.189220095,0.219477128,0.518623577
22-451D,WIK,M,03,c5,7.129084901,5.896367826,33.78650306,78.3,1.183764851,0.434840094,0.124930048,0.240887714,0.041529483,0.189220095,0.219477128,0.518623577
22-468A,WIK,F,01,c5,7.09185902,5.020168067,18.31952374,62.6,-0.05397106,0.657754609,0.083231685,0.28016558,0.0310885,0.363465932,0.085533463,0.297080337
22-468A,WIK,F,02,c5,8.184945753,5.276350641,19.89944336,74.4,1.06639079,0.657754609,0.083231685,0.28016558,0.0310885,0.363465932,0.085533463,0.297080337
22-468A,WIK,F,03,c5,7.536934571,6.745548511,24.75520919,66.5,0.423056412,0.657754609,0.083231685,0.28016558,0.0310885,0.363465932,0.085533463,0.297080337
22-468C,WIK,M,01,c5,5.712852462,6.851270682,36.14564878,77.2,-0.079490092,0.621369435,0.165576936,0.291742375,0.040193496,0.185240485,0.216980084,0.567545034
22-468C,WIK,M,02,c5,4.869320433,5.403759997,33.49289416,69.4,-1.327384004,0.621369435,0.165576936,0.291742375,0.040193496,0.185240485,0.216980084,0.567545034
22-468C,WIK,M,03,c5,5.185153617,5.420485259,35.38156078,75.6,-0.207194872,0.621369435,0.165576936,0.291742375,0.040193496,0.185240485,0.216980084,0.567545034
22-468D,WIK,F,01,c6,9.307106484,6.592372348,36.65653848,64.1,1.095051704,0.469599138,0.093915604,0.22043852,0.016526644,0.187344457,0.088215281,0.426039895
22-468D,WIK,F,02,c6,8.774396574,7.132337447,35.43232584,67.1,0.894404035,0.469599138,0.093915604,0.22043852,0.016526644,0.187344457,0.088215281,0.426039895
22-468D,WIK,F,03,c6,8.804621983,7.075686659,34.10802629,71.8,1.393759253,0.469599138,0.093915604,0.22043852,0.016526644,0.187344457,0.088215281,0.426039895
22-469A,WIK,M,01,c5,7.370382168,6.364541005,30.85700427,77.6,0.763679953,0.695284892,0.129582117,0.289147495,0.023809882,0.282104915,0.084400805,0.448152307
22-469A,WIK,M,02,c5,6.416584097,7.125504457,30.24504069,61.7,-1.252275185,0.695284892,0.129582117,0.289147495,0.023809882,0.282104915,0.084400805,0.448152307
22-469A,WIK,M,03,c5,7.87136469,7.030136124,34.55736644,59.4,-0.027315681,0.695284892,0.129582117,0.289147495,0.023809882,0.282104915,0.084400805,0.448152307
22-469B,WIK,F,01,c6,6.868492896,4.40296064,16.10843687,57.1,-0.47312354,0.74898684,0.087310598,0.334555408,0.024490914,0.416723427,0.058770188,0.260975001
22-469B,WIK,F,02,c6,9.610621462,4.663512598,14.68380212,53.5,0.441003876,0.74898684,0.087310598,0.334555408,0.024490914,0.416723427,0.058770188,0.260975001
22-469B,WIK,F,03,c6,11.73103732,4.650746328,8.053050438,12.5,-0.93057878,0.74898684,0.087310598,0.334555408,0.024490914,0.416723427,0.058770188,0.260975001
22-469C,WIK,F,01,c5,6.289155074,6.479852066,21.96848031,68.9,-0.082269314,0.665412139,0.090699157,0.236417808,0.014064826,0.155082215,0.090692708,0.383639277
22-469C,WIK,F,02,c5,7.565724029,7.35376148,26.85768386,60.8,-0.125965092,0.665412139,0.090699157,0.236417808,0.014064826,0.155082215,0.090692708,0.383639277
22-469C,WIK,F,03,c5,7.932522868,6.99083914,27.13201896,67.2,0.665094207,0.665412139,0.090699157,0.236417808,0.014064826,0.155082215,0.090692708,0.383639277
22-469D,WIK,M,01,c6,9.431211952,5.930512905,33.6565792,63.7,0.859731573,0.626087713,0.154652842,0.289572955,0.033236084,0.223404517,0.148770868,0.53407212
22-469D,WIK,M,02,c6,9.058193561,5.22237298,24.96453819,67.2,0.864583855,0.626087713,0.154652842,0.289572955,0.033236084,0.223404517,0.148770868,0.53407212
22-469D,WIK,M,03,c6,4.145169844,5.221375029,48.70455253,69.8,-1.332070644,0.626087713,0.154652842,0.289572955,0.033236084,0.223404517,0.148770868,0.53407212
22-470B,WIK,M,01,c6,5.525043917,6.182428047,30.8853201,72.5,-0.482898033,0.60186571,0.137458787,0.293769408,0.047350358,0.252211658,0.18774056,0.467913892
22-470B,WIK,M,02,c6,7.27800605,6.706929482,31.34285911,69.7,0.099955445,0.60186571,0.137458787,0.293769408,0.047350358,0.252211658,0.18774056,0.467913892
22-470B,WIK,M,03,c6,7.046150151,6.186241566,26.00962621,69.7,0.382745862,0.60186571,0.137458787,0.293769408,0.047350358,0.252211658,0.18774056,0.467913892
22-470C,WIK,M,01,c5,7.186602077,5.3003538,34.32759329,77,0.633440727,0.633510505,0.118075881,0.278086593,0.036566035,0.211041766,0.173264448,0.424601128
22-470C,WIK,M,02,c5,7.963847448,5.734122585,28.46819475,78,1.382468246,0.633510505,0.118075881,0.278086593,0.036566035,0.211041766,0.173264448,0.424601128
22-470C,WIK,M,03,c5,7.551232718,6.711510615,26.64723025,64.5,0.228286775,0.633510505,0.118075881,0.278086593,0.036566035,0.211041766,0.173264448,0.424601128
22-470D,WIK,F,01,c6,5.312784373,5.614605473,28.91333322,72.3,-0.358419699,0.388409516,0.075687974,0.178040499,0.017486264,0.11247374,0.155469748,0.425116613
22-470D,WIK,F,02,c6,5.082991924,6.203866492,25.84661544,65.1,-1.108899397,0.388409516,0.075687974,0.178040499,0.017486264,0.11247374,0.155469748,0.425116613
22-470D,WIK,F,03,c6,7.083410375,5.408299117,24.90547336,75.5,0.771142778,0.388409516,0.075687974,0.178040499,0.017486264,0.11247374,0.155469748,0.425116613
22-471A,WIK,M,01,c5,8.398294857,6.70678932,33.3962299,80.1,1.435518391,0.559463876,0.120077428,0.281788921,0.046619717,0.238139059,0.195766781,0.42612544
22-471A,WIK,M,02,c5,8.889807234,7.515073052,32.36716874,60.4,0.041808327,0.559463876,0.120077428,0.281788921,0.046619717,0.238139059,0.195766781,0.42612544
22-471A,WIK,M,03,c5,8.918929555,7.22260765,33.59020822,63.9,0.988428367,0.559463876,0.120077428,0.281788921,0.046619717,0.238139059,0.195766781,0.42612544
22-471B,WIK,F,01,c6,3.966927331,5.761954641,26.28293381,71.6,-1.044517579,0.539773364,0.108407236,0.242444348,0.03040194,0.242080075,0.125586296,0.447142764
22-471B,WIK,F,02,c6,5.056379674,5.373305901,26.08123674,71.1,-0.735072884,0.539773364,0.108407236,0.242444348,0.03040194,0.242080075,0.125586296,0.447142764
22-471B,WIK,F,03,c6,5.086481045,5.796641755,28.66827214,77.2,-0.116668767,0.539773364,0.108407236,0.242444348,0.03040194,0.242080075,0.125586296,0.447142764
22-472B,WIK,M,01,c6,5.448891581,6.533735552,35.49771379,78,-0.156637387,0.63053583,0.172162131,0.323294214,0.074707685,0.294711154,0.253494596,0.532524628
22-472B,WIK,M,02,c6,4.18236559,4.537404235,30.24618183,53.3,-3.442423128,0.63053583,0.172162131,0.323294214,0.074707685,0.294711154,0.253494596,0.532524628
22-472B,WIK,M,03,c6,5.85492526,4.014422132,20.29210511,61.3,-1.059258456,0.63053583,0.172162131,0.323294214,0.074707685,0.294711154,0.253494596,0.532524628
22-472C,WIK,M,01,c5,4.954795921,6.189227397,35.50459299,70.8,-0.876317858,0.545098821,0.078145173,0.253625635,0.036752544,0.195644782,0.187853433,0.308112281
22-472C,WIK,M,02,c5,4.507822631,5.633433627,33.24674657,71,-1.366156226,0.545098821,0.078145173,0.253625635,0.036752544,0.195644782,0.187853433,0.308112281
22-472C,WIK,M,03,c5,4.297299338,4.587818022,32.08183463,53.7,-2.649022634,0.545098821,0.078145173,0.253625635,0.036752544,0.195644782,0.187853433,0.308112281
22-558D,WIK,F,01,c4,9.577467071,3.759040171,23.70445233,39.2,-0.18702294,0.535015025,0.086269337,0.243549469,0.02296358,0.230208787,0.099751101,0.354216896
22-558D,WIK,F,02,c4,9.927425734,5.015621138,20.05462607,49.4,0.337169971,0.535015025,0.086269337,0.243549469,0.02296358,0.230208787,0.099751101,0.354216896
22-558D,WIK,F,03,c4,7.115510968,7.126468609,28.61470678,60.2,-0.189248813,0.535015025,0.086269337,0.243549469,0.02296358,0.230208787,0.099751101,0.354216896
22-559B,WIK,F,01,c4,5.011905624,3.850603078,26.60575608,44.6,-2.073627249,0.576334312,0.115711415,0.259302294,0.02105322,0.214181841,0.098296008,0.446241386
22-559B,WIK,F,02,c4,9.636349827,4.254487248,19.65331708,52,0.357232113,0.576334312,0.115711415,0.259302294,0.02105322,0.214181841,0.098296008,0.446241386
22-559B,WIK,F,03,c4,8.136090469,6.50030824,15.9245145,52.3,-0.184222661,0.576334312,0.115711415,0.259302294,0.02105322,0.214181841,0.098296008,0.446241386
22-560A,WIK,F,01,c3,10.60118402,3.80355212,28.47674244,16.1,-1.005199108,0.54940816,0.098824919,0.250380768,0.023785174,NA,NA,0.394698522
22-560A,WIK,F,02,c3,7.710906119,4.156429567,27.32327939,53.4,-0.529970492,0.54940816,0.098824919,0.250380768,0.023785174,NA,NA,0.394698522
22-560A,WIK,F,03,c3,7.870886562,6.410852181,26.05087291,65.6,0.532234896,0.54940816,0.098824919,0.250380768,0.023785174,NA,NA,0.394698522
22-560B,WIK,M,01,c4,8.696057398,6.67003509,42.0332593,65.4,0.609941599,0.406406865,0.1506879,0.190522554,0.029952112,0.15455425,0.193796754,0.790918959
22-560B,WIK,M,02,c4,8.066926308,6.760130298,33.76694346,68.3,0.407662443,0.406406865,0.1506879,0.190522554,0.029952112,0.15455425,0.193796754,0.790918959
22-560B,WIK,M,03,c4,7.59797153,6.745569722,31.95285184,68.5,0.605704521,0.406406865,0.1506879,0.190522554,0.029952112,0.15455425,0.193796754,0.790918959
22-560C,WIK,M,01,c3,3.282051497,6.027583282,28.63163098,74,-1.488872053,0.406266728,0.092784103,0.207051517,0.033352574,0.222790733,0.149703597,0.448120856
22-560C,WIK,M,02,c3,4.677319847,5.11450022,27.29236361,73.1,-1.043998976,0.406266728,0.092784103,0.207051517,0.033352574,0.222790733,0.149703597,0.448120856
22-560C,WIK,M,03,c3,3.885512128,5.680415499,25.01666961,75.2,-1.014314992,0.406266728,0.092784103,0.207051517,0.033352574,0.222790733,0.149703597,0.448120856
22-560D,WIK,F,01,c4,6.16738484,6.387930902,22.7412038,65,-0.36189982,0.510086573,0.072796127,0.220827354,0.02397716,0.130282868,0.18403924,0.329651765
22-560D,WIK,F,02,c4,8.503313755,5.23971397,22.45139445,64.2,0.569557168,0.510086573,0.072796127,0.220827354,0.02397716,0.130282868,0.18403924,0.329651765
22-560D,WIK,F,03,c4,8.270926215,6.806416419,23.8768742,61.8,0.489314985,0.510086573,0.072796127,0.220827354,0.02397716,0.130282868,0.18403924,0.329651765
22-561B,WIK,F,01,c4,7.928888389,6.163976355,30.61329971,66.5,0.569193105,0.460557203,0.079435913,0.228577953,0.035306966,0.156063104,0.22623519,0.3475222
22-561B,WIK,F,02,c4,7.600663092,6.064775128,24.76529689,62.3,-0.011391414,0.460557203,0.079435913,0.228577953,0.035306966,0.156063104,0.22623519,0.3475222
22-561B,WIK,F,03,c4,7.459843544,6.575757328,26.82597843,62.4,0.122942839,0.460557203,0.079435913,0.228577953,0.035306966,0.156063104,0.22623519,0.3475222
22-561C,WIK,F,01,c3,6.408775206,3.233652044,37.07365362,46.6,-1.289313369,0.528168295,0.09283126,0.183687203,0.021696321,0.14642543,0.148173176,0.50537685
22-561C,WIK,F,02,c3,10.9063045,3.88640736,20.6865723,12.9,-1.522142416,0.528168295,0.09283126,0.183687203,0.021696321,0.14642543,0.148173176,0.50537685
22-561C,WIK,F,03,c3,9.80423441,4.844705268,22.90982641,45.2,0.194938116,0.528168295,0.09283126,0.183687203,0.021696321,0.14642543,0.148173176,0.50537685
22-561D,WIK,M,01,c4,2.170603944,4.240600599,74.65330441,66.6,-2.525968233,0.690547144,0.150650164,0.233611334,0.045276744,0.256159256,0.176752325,0.644875235
22-561D,WIK,M,02,c4,7.142057406,5.185593854,25.28299465,71.9,0.255834012,0.690547144,0.150650164,0.233611334,0.045276744,0.256159256,0.176752325,0.644875235
22-561D,WIK,M,03,c4,6.755064304,5.479201372,24.44867311,69.4,0.183579536,0.690547144,0.150650164,0.233611334,0.045276744,0.256159256,0.176752325,0.644875235
22-562A,WIK,F,01,c3,3.919631483,4.20488948,25.48544284,51.7,-2.195640809,0.763279222,0.119012673,0.269307399,0.015485814,0.215811836,0.071756092,0.441921289
22-562A,WIK,F,02,c3,8.169153456,6.137507948,17.17211129,52.5,-0.355411,0.763279222,0.119012673,0.269307399,0.015485814,0.215811836,0.071756092,0.441921289
22-562A,WIK,F,03,c3,7.011824135,7.012937621,20.24326798,55.5,-0.54092195,0.763279222,0.119012673,0.269307399,0.015485814,0.215811836,0.071756092,0.441921289
22-562B,WIK,M,01,c4,8.527395019,6.249862832,11.23237621,47,-0.690183141,0.455065933,0.148825599,0.194667197,0.029506996,0.168711805,0.174895859,0.764512981
22-562B,WIK,M,02,c4,8.29879553,5.847239918,32.11442387,67.2,0.424666961,0.455065933,0.148825599,0.194667197,0.029506996,0.168711805,0.174895859,0.764512981
22-562B,WIK,M,03,c4,7.525777962,6.08085399,35.10140702,76,1.218403781,0.455065933,0.148825599,0.194667197,0.029506996,0.168711805,0.174895859,0.764512981
22-562C,WIK,M,01,c3,6.426219392,5.136329181,35.10854001,75.8,0.179407202,0.599102492,0.143724871,0.259380852,0.051412363,0.294900292,0.174338122,0.554107483
22-562C,WIK,M,02,c3,7.289830228,3.604347279,26.99065222,52.5,-1.727599782,0.599102492,0.143724871,0.259380852,0.051412363,0.294900292,0.174338122,0.554107483
22-562C,WIK,M,03,c3,4.883310617,3.134129212,17.50812121,36.1,-3.839311009,0.599102492,0.143724871,0.259380852,0.051412363,0.294900292,0.174338122,0.554107483
22-562D,WIK,F,01,c4,6.560435578,3.99040175,25.83779458,43.5,-1.392254072,0.552484682,0.17295862,0.263094638,0.033538931,0.213408497,0.157158368,0.657400779
22-562D,WIK,F,02,c4,10.63003395,4.2876776,25.9800928,22.7,-1.029757716,0.552484682,0.17295862,0.263094638,0.033538931,0.213408497,0.157158368,0.657400779
22-562D,WIK,F,03,c4,7.157853934,6.999253128,22.74244811,56.7,-0.391484307,0.552484682,0.17295862,0.263094638,0.033538931,0.213408497,0.157158368,0.657400779
22-582B,WIK,F,01,c6,9.893502505,5.430902516,22.26458426,59.4,1.110185087,0.650052696,0.063618802,0.277307243,0.057220017,0.130473213,0.438557583,0.229416301
22-582B,WIK,F,02,c6,8.636872604,7.026612376,26.13994564,56.7,0.153194811,0.650052696,0.063618802,0.277307243,0.057220017,0.130473213,0.438557583,0.229416301
22-582B,WIK,F,03,c6,7.843756924,7.316035142,32.52099567,50.9,-0.419417166,0.650052696,0.063618802,0.277307243,0.057220017,0.130473213,0.438557583,0.229416301
22-582C,WIK,F,01,c5,8.494146804,5.567395368,21.16865947,63.4,0.664900476,0.112443977,0.028233846,0.052408819,0.001403697,NA,NA,0.538723187
22-582C,WIK,F,02,c5,7.531652484,7.095428715,26.39307942,64.2,0.076227731,0.112443977,0.028233846,0.052408819,0.001403697,NA,NA,0.538723187
22-582C,WIK,F,03,c5,7.481831477,6.686497408,23.50928971,64.4,0.2615479,0.112443977,0.028233846,0.052408819,0.001403697,NA,NA,0.538723187
22-582D,WIK,M,01,c6,10.15243423,5.714237676,21.85214438,56.9,0.76533055,0.519583718,0.143443725,0.263600792,0.040335782,0.196435577,0.205338476,0.544170311
22-582D,WIK,M,02,c6,10.09454369,6.374023516,19.07320867,54.9,0.153125398,0.519583718,0.143443725,0.263600792,0.040335782,0.196435577,0.205338476,0.544170311
22-582D,WIK,M,03,c6,9.635471918,5.938773786,19.21620448,57.2,0.828485447,0.519583718,0.143443725,0.263600792,0.040335782,0.196435577,0.205338476,0.544170311
22-583A,WIK,F,01,c5,6.885356197,6.993036907,33.51541171,80.4,0.856176386,0.579970027,0.065958211,0.202237936,0.030498215,0.192850345,0.158144467,0.326141634
22-583A,WIK,F,02,c5,8.47742833,7.45833603,32.30172587,61.5,0.382112576,0.579970027,0.065958211,0.202237936,0.030498215,0.192850345,0.158144467,0.326141634
22-583A,WIK,F,03,c5,7.323325493,7.14223228,29.87881102,66.5,0.316483293,0.579970027,0.065958211,0.202237936,0.030498215,0.192850345,0.158144467,0.326141634
22-583B,WIK,M,01,c6,6.720879813,4.828962159,32.51119159,80.4,0.628849931,0.393251253,0.088907049,0.199322243,0.035369988,0.180680774,0.195759555,0.446046802
22-583B,WIK,M,02,c6,7.617045602,6.696051061,35.28759556,73.9,0.744296082,0.393251253,0.088907049,0.199322243,0.035369988,0.180680774,0.195759555,0.446046802
22-583B,WIK,M,03,c6,7.372877176,6.784547753,31.0028263,67.4,0.375815912,0.393251253,0.088907049,0.199322243,0.035369988,0.180680774,0.195759555,0.446046802
22-584B,WIK,F,01,c6,11.79617623,3.873455601,20.0747278,14.7,-0.510638657,0.512292421,0.110434292,0.19709369,0.012707368,0.14131921,0.089919608,0.560313686
22-584B,WIK,F,02,c6,5.757387932,7.555124874,20.57313035,58.6,-1.186112924,0.512292421,0.110434292,0.19709369,0.012707368,0.14131921,0.089919608,0.560313686
22-584B,WIK,F,03,c6,6.952062043,7.041233536,21.22764001,50.7,-0.87706205,0.512292421,0.110434292,0.19709369,0.012707368,0.14131921,0.089919608,0.560313686
22-585C,WIK,M,01,c5,5.902301791,6.182570601,30.62383571,77,0.000628625,0.262548789,0.079338277,0.108536678,0.009324653,NA,NA,0.730981254
22-585C,WIK,M,02,c5,9.023876123,5.068541228,26.23980519,71.7,1.324635395,0.262548789,0.079338277,0.108536678,0.009324653,NA,NA,0.730981254
22-585C,WIK,M,03,c5,9.060285284,5.293825636,26.10533818,72.6,1.832898199,0.262548789,0.079338277,0.108536678,0.009324653,NA,NA,0.730981254
22-585D,WIK,F,01,c6,9.782846626,5.041127925,18.41717868,53.9,0.745166501,0.540034874,0.110058786,0.25939679,0.009123141,0.184480486,0.049453149,0.424287386
22-585D,WIK,F,02,c6,9.112000105,5.603944426,19.07016965,62,0.736573943,0.540034874,0.110058786,0.25939679,0.009123141,0.184480486,0.049453149,0.424287386
22-585D,WIK,F,03,c6,8.875435307,5.293652834,20.41070796,65.3,1.014275719,0.540034874,0.110058786,0.25939679,0.009123141,0.184480486,0.049453149,0.424287386
22-586C,WIK,F,01,c5,6.871739821,4.673546648,22.41673341,69.7,0.242904932,0.581716209,0.07668481,0.160143507,0.01908575,0.129782299,0.147059731,0.478850572
22-586C,WIK,F,02,c5,9.209385225,5.546702955,21.07975105,63.2,0.863485676,0.581716209,0.07668481,0.160143507,0.01908575,0.129782299,0.147059731,0.478850572
22-586C,WIK,F,03,c5,10.45048576,4.19700646,19.21417013,46.8,0.619471586,0.581716209,0.07668481,0.160143507,0.01908575,0.129782299,0.147059731,0.478850572
22-586D,WIK,M,01,c6,5.639093437,5.9484044,37.01461012,77.8,-0.076147878,0.568671822,0.122925561,0.280061666,0.050747682,0.204640575,0.247984458,0.438923194
22-586D,WIK,M,02,c6,7.555115595,6.7267652,31.68496097,65.8,-0.155456519,0.568671822,0.122925561,0.280061666,0.050747682,0.204640575,0.247984458,0.438923194
22-586D,WIK,M,03,c6,7.461464714,7.053291595,34.74361912,68.4,0.515860586,0.568671822,0.122925561,0.280061666,0.050747682,0.204640575,0.247984458,0.438923194
23-017A,WIK,F,01,c5,11.41773229,3.499602198,11.86899192,15.6,-0.641368976,0.718624562,0.104909612,0.28559908,0.029110673,0.228254383,0.127536096,0.367331758
23-017A,WIK,F,02,c5,10.34099739,5.065491653,12.15432239,52.4,0.740816548,0.718624562,0.104909612,0.28559908,0.029110673,0.228254383,0.127536096,0.367331758
23-017A,WIK,F,03,c5,0.79887228,6.776522526,5.894001678,0.8,-7.131481825,0.718624562,0.104909612,0.28559908,0.029110673,0.228254383,0.127536096,0.367331758
23-017B,WIK,M,01,c6,6.396583276,4.228298848,30.97446427,67.5,-0.384177168,0.525309521,0.116662528,0.172589406,0.040532051,0.156911997,0.25831072,0.675954166
23-017B,WIK,M,02,c6,6.194323279,6.212579822,38.06430966,82.4,0.826654831,0.525309521,0.116662528,0.172589406,0.040532051,0.156911997,0.25831072,0.675954166
23-017B,WIK,M,03,c6,6.995662795,6.46410777,32.30791293,77.5,1.034565084,0.525309521,0.116662528,0.172589406,0.040532051,0.156911997,0.25831072,0.675954166
23-017C,WIK,M,01,c5,8.552503251,4.900079799,27.1906326,62.9,0.373852334,0.694993701,0.165496546,0.332957763,0.032074144,0.245457512,0.130670859,0.497049669
23-017C,WIK,M,02,c5,9.254337163,5.241904771,25.33467442,63.3,0.562268574,0.694993701,0.165496546,0.332957763,0.032074144,0.245457512,0.130670859,0.497049669
23-017C,WIK,M,03,c5,9.695378641,4.793717108,20.27996002,53.3,0.523170171,0.694993701,0.165496546,0.332957763,0.032074144,0.245457512,0.130670859,0.497049669
23-018B,WIK,F,01,c6,6.709332842,4.536447081,27.59024673,58.8,-0.453170323,0.552263175,0.109692565,0.240569103,0.028202363,0.209100709,0.134874545,0.455971127
23-018B,WIK,F,02,c6,9.206995003,6.346649657,25.97741872,63.3,0.868727752,0.552263175,0.109692565,0.240569103,0.028202363,0.209100709,0.134874545,0.455971127
23-018B,WIK,F,03,c6,9.805731906,6.173691629,20.34936608,56.9,0.942349502,0.552263175,0.109692565,0.240569103,0.028202363,0.209100709,0.134874545,0.455971127
23-018C,WIK,F,01,c5,10.04886762,4.354733418,32.65539077,61.1,1.281202412,0.622850135,0.10379432,0.340193018,0.052143062,0.322418407,0.16172483,0.305104204
23-018C,WIK,F,02,c5,8.449305121,6.436760169,30.69852839,69.4,0.877828987,0.622850135,0.10379432,0.340193018,0.052143062,0.322418407,0.16172483,0.305104204
23-018C,WIK,F,03,c5,8.146303355,6.84008934,35.16764497,70.4,0.97596871,0.622850135,0.10379432,0.340193018,0.052143062,0.322418407,0.16172483,0.305104204
23-018D,WIK,M,01,c6,8.810605702,3.959210692,30.01194969,60.4,0.335670955,0.756166166,0.145680038,0.339634265,0.041882545,0.272419211,0.153742994,0.428932098
23-018D,WIK,M,02,c6,7.110506512,7.369819677,33.88478121,68.1,-0.167718831,0.756166166,0.145680038,0.339634265,0.041882545,0.272419211,0.153742994,0.428932098
23-018D,WIK,M,03,c6,5.890877676,7.822629342,35.46399165,59.1,-1.230204932,0.756166166,0.145680038,0.339634265,0.041882545,0.272419211,0.153742994,0.428932098
23-019A,WIK,F,01,c5,9.52585552,3.759316188,34.00729933,43.7,0.043355914,0.713005766,0.098705171,0.325874819,0.043553643,0.332120082,0.13113824,0.302892906
23-019A,WIK,F,02,c5,8.456644809,5.952765549,29.19695802,71.3,1.004212514,0.713005766,0.098705171,0.325874819,0.043553643,0.332120082,0.13113824,0.302892906
23-019A,WIK,F,03,c5,7.87115054,6.452633508,30.17987542,75.5,1.164159435,0.713005766,0.098705171,0.325874819,0.043553643,0.332120082,0.13113824,0.302892906
23-019B,WIK,M,01,c6,6.474656819,5.52220644,52.21295055,78.5,0.38185817,0.705582226,0.193839548,0.282849533,0.038928118,0.204636849,0.190230245,0.685309769
23-019B,WIK,M,02,c6,8.261557421,6.049148444,40.45894988,74.9,1.224311205,0.705582226,0.193839548,0.282849533,0.038928118,0.204636849,0.190230245,0.685309769
23-019B,WIK,M,03,c6,7.214605509,6.612170803,37.88860443,75.6,0.99856219,0.705582226,0.193839548,0.282849533,0.038928118,0.204636849,0.190230245,0.685309769
23-019C,WIK,M,01,c5,4.859276385,6.75924169,33.33004061,70.2,-0.963068543,0.581777561,0.183189142,0.266561072,0.046413309,0.211210965,0.219748577,0.687231412
23-019C,WIK,M,02,c5,5.948216485,7.11308062,39.96851846,69.7,-0.670387474,0.581777561,0.183189142,0.266561072,0.046413309,0.211210965,0.219748577,0.687231412
23-019C,WIK,M,03,c5,5.854488361,7.437310696,33.67145678,63.5,-0.867211166,0.581777561,0.183189142,0.266561072,0.046413309,0.211210965,0.219748577,0.687231412
23-019D,WIK,F,01,c6,9.931272465,5.217236346,20.53921106,59,1.105644163,0.379013321,0.074811659,0.135234441,0.017171455,NA,NA,0.55319975
23-019D,WIK,F,02,c6,8.55307312,6.981226647,30.78144583,63.9,0.575453967,0.379013321,0.074811659,0.135234441,0.017171455,NA,NA,0.55319975
23-019D,WIK,F,03,c6,8.890261308,7.009193298,27.89853879,58.3,0.574950451,0.379013321,0.074811659,0.135234441,0.017171455,NA,NA,0.55319975
23-020A,WIK,M,01,c5,7.838690518,7.114702021,39.90943242,74.6,0.796001942,0.5795934,0.174942782,0.257146569,0.035154423,NA,NA,0.680323221
23-020A,WIK,M,02,c5,7.085772862,7.036750278,38.25780828,73.2,0.361875437,0.5795934,0.174942782,0.257146569,0.035154423,NA,NA,0.680323221
23-020A,WIK,M,03,c5,6.849032622,7.081342475,36.78635377,69.9,0.283114983,0.5795934,0.174942782,0.257146569,0.035154423,NA,NA,0.680323221
23-020B,WIK,F,01,c6,8.650185117,4.831648439,29.31077181,76.2,1.465654296,0.681044367,0.12199756,0.320739089,0.032114495,0.195823053,0.16399752,0.380363866
23-020B,WIK,F,02,c6,9.448320065,6.467674633,28.0327009,61.6,0.881506939,0.681044367,0.12199756,0.320739089,0.032114495,0.195823053,0.16399752,0.380363866
23-020B,WIK,F,03,c6,8.639657909,6.598450602,27.89310241,69.1,1.139148799,0.681044367,0.12199756,0.320739089,0.032114495,0.195823053,0.16399752,0.380363866
23-021A,WIK,F,01,c5,6.797239539,4.719830267,32.72030192,75.1,0.513323998,0.566563469,0.118130979,0.229234533,0.029919663,0.126452787,0.236607383,0.515328024
23-021A,WIK,F,02,c5,8.224248621,6.711843543,25.78906543,67,0.608628655,0.566563469,0.118130979,0.229234533,0.029919663,0.126452787,0.236607383,0.515328024
23-021A,WIK,F,03,c5,6.772486567,6.15541866,17.63116141,61.9,-0.251899707,0.566563469,0.118130979,0.229234533,0.029919663,0.126452787,0.236607383,0.515328024
23-021C,WIK,M,01,c5,6.314605077,6.391940161,34.49118635,76.8,0.190553968,0.61646951,0.175417171,0.288370107,0.063876688,0.242413957,0.263502518,0.608305669
23-021C,WIK,M,02,c5,6.120287903,6.105708266,29.10779082,80.6,0.59179376,0.61646951,0.175417171,0.288370107,0.063876688,0.242413957,0.263502518,0.608305669
23-021C,WIK,M,03,c5,5.631049914,7.759600283,37.19330484,62.4,-1.096115951,0.61646951,0.175417171,0.288370107,0.063876688,0.242413957,0.263502518,0.608305669
23-021D,WIK,F,01,c6,6.665549567,4.942416083,27.64773658,78,0.614515558,0.656202568,0.089144877,0.294110862,0.023611056,0.209038345,0.112950837,0.303099574
23-021D,WIK,F,02,c6,6.01827315,7.055436748,35.25832016,71.9,-0.195057659,0.656202568,0.089144877,0.294110862,0.023611056,0.209038345,0.112950837,0.303099574
23-021D,WIK,F,03,c6,7.761929259,7.119955263,34.46422986,65.4,0.465110796,0.656202568,0.089144877,0.294110862,0.023611056,0.209038345,0.112950837,0.303099574
23-030A,WIK,M,01,c5,7.952925298,5.609699848,27.5363724,78,1.077172849,0.460497324,0.117325864,0.180240971,0.014163651,0.128695792,0.110055277,0.650938926
23-030A,WIK,M,02,c5,9.099670132,6.037227974,29.16962806,70.5,1.240560888,0.460497324,0.117325864,0.180240971,0.014163651,0.128695792,0.110055277,0.650938926
23-030A,WIK,M,03,c5,10.06048056,4.678461868,25.31477668,60.2,1.343232216,0.460497324,0.117325864,0.180240971,0.014163651,0.128695792,0.110055277,0.650938926
23-031A,WIK,F,01,c5,7.366940001,4.23333123,29.55784308,53.3,-0.449197869,0.540326451,0.125587041,0.242352651,0.014044937,0.186763841,0.075201586,0.518199576
23-031A,WIK,F,02,c5,9.635665048,4.625982939,22.08189766,58.7,0.789411891,0.540326451,0.125587041,0.242352651,0.014044937,0.186763841,0.075201586,0.518199576
23-031A,WIK,F,03,c5,8.120723389,5.678247879,26.77314333,65.6,0.656882641,0.540326451,0.125587041,0.242352651,0.014044937,0.186763841,0.075201586,0.518199576
23-031B,WIK,M,01,c6,11.93107934,4.094117027,20.39817898,19,-0.865075662,0.658755659,0.246309993,0.300617426,0.031158123,0.194907825,0.159860811,0.819347023
23-031B,WIK,M,02,c6,9.202173696,6.156761242,23.65391287,51.9,-0.683776086,0.658755659,0.246309993,0.300617426,0.031158123,0.194907825,0.159860811,0.819347023
23-031B,WIK,M,03,c6,8.355926523,7.468648983,32.90389607,56.8,0.033305008,0.658755659,0.246309993,0.300617426,0.031158123,0.194907825,0.159860811,0.819347023
23-031C,WIK,M,01,c5,11.39625605,3.713195842,40.77704368,21.8,-0.943399975,0.623441316,0.122183273,0.277430741,0.034896194,0.365111668,0.09557677,0.440410001
23-031C,WIK,M,02,c5,11.5208241,5.146178895,24.95520561,34.7,-1.17499412,0.623441316,0.122183273,0.277430741,0.034896194,0.365111668,0.09557677,0.440410001
23-031C,WIK,M,03,c5,11.17461153,4.920323481,26.77086422,38.1,0.073360335,0.623441316,0.122183273,0.277430741,0.034896194,0.365111668,0.09557677,0.440410001
23-031D,WIK,F,01,c6,9.215802588,4.39070712,38.35043757,62.3,0.94913212,0.442218799,0.045436478,0.189243178,0.022310713,0.134468793,0.165917404,0.240095725
23-031D,WIK,F,02,c6,11.25599569,3.809935,21.57175608,26.8,-0.447265006,0.442218799,0.045436478,0.189243178,0.022310713,0.134468793,0.165917404,0.240095725
23-031D,WIK,F,03,c6,10.09568179,5.110383934,25.5890227,54.2,0.914703179,0.442218799,0.045436478,0.189243178,0.022310713,0.134468793,0.165917404,0.240095725
23-032A,WIK,M,01,c5,6.722492334,3.852587168,30.62968504,60.8,-0.666746275,0.652144074,0.158647316,0.251681058,0.027157713,0.181850312,0.149341031,0.63035064
23-032A,WIK,M,02,c5,8.663936527,6.329410833,33.79595399,69.5,0.881490328,0.652144074,0.158647316,0.251681058,0.027157713,0.181850312,0.149341031,0.63035064
23-032A,WIK,M,03,c5,9.829580442,3.203172996,25.93072753,26.6,-1.731002625,0.652144074,0.158647316,0.251681058,0.027157713,0.181850312,0.149341031,0.63035064
23-032B,WIK,F,01,c6,7.852337026,6.243332511,27.94736941,74.7,0.997397941,0.516003286,0.090185129,0.229538929,0.013749414,0.288482775,0.047661126,0.39289688
23-032B,WIK,F,02,c6,9.825791993,5.480745963,23.87390976,60.3,0.989232807,0.516003286,0.090185129,0.229538929,0.013749414,0.288482775,0.047661126,0.39289688
23-032B,WIK,F,03,c6,9.319570326,5.837429974,18.45708663,58.9,0.827430328,0.516003286,0.090185129,0.229538929,0.013749414,0.288482775,0.047661126,0.39289688
23-032C,WIK,F,01,c5,9.634977484,5.306751331,32.8498363,68,1.47367088,0.332713759,0.070170545,0.155628197,0.027559641,0.093274721,0.295467418,0.450885806
23-032C,WIK,F,02,c5,8.879470518,7.00517913,26.43092003,56,0.231176583,0.332713759,0.070170545,0.155628197,0.027559641,0.093274721,0.295467418,0.450885806
23-032C,WIK,F,03,c5,8.818557828,7.257865946,25.62168675,55.5,0.36048751,0.332713759,0.070170545,0.155628197,0.027559641,0.093274721,0.295467418,0.450885806
23-032D,WIK,M,01,c6,6.795264695,5.565491119,31.93869988,72.6,0.149590925,0.74575506,0.270671024,0.278295058,0.039088869,0.284944449,0.137180665,0.972604494
23-032D,WIK,M,02,c6,7.549897351,6.061423775,29.3390873,75.8,0.908035065,0.74575506,0.270671024,0.278295058,0.039088869,0.284944449,0.137180665,0.972604494
23-032D,WIK,M,03,c6,7.09909624,5.897048455,31.64133555,77.2,1.069794273,0.74575506,0.270671024,0.278295058,0.039088869,0.284944449,0.137180665,0.972604494
23-033A,WIK,F,01,c5,6.514083591,4.815787346,25.87936636,72.8,0.246907351,0.590257127,0.074602444,0.224249584,0.01809843,0.1121796,0.161334414,0.332675953
23-033A,WIK,F,02,c5,7.041125379,4.78798619,27.34363939,73.5,0.427552461,0.590257127,0.074602444,0.224249584,0.01809843,0.1121796,0.161334414,0.332675953
23-033A,WIK,F,03,c5,9.111775448,4.237909051,29.13257014,50.6,0.194073108,0.590257127,0.074602444,0.224249584,0.01809843,0.1121796,0.161334414,0.332675953
23-033B,WIK,M,01,c6,8.004034492,6.613467949,32.80972379,71.2,0.652587619,0.299405594,0.134245784,0.137571225,0.011117305,0.09174314,0.121178597,0.975827496
23-033B,WIK,M,02,c6,8.730995531,6.284030987,21.83852902,62.6,0.184442396,0.299405594,0.134245784,0.137571225,0.011117305,0.09174314,0.121178597,0.975827496
23-033B,WIK,M,03,c6,8.108259172,6.878673387,22.20645213,57.8,-0.026429239,0.299405594,0.134245784,0.137571225,0.011117305,0.09174314,0.121178597,0.975827496
23-033D,WIK,F,01,c6,8.179688237,5.782186964,30.80583401,75.4,1.194315023,0.812504354,0.098295364,0.285624119,0.048756646,0.251427918,0.193918982,0.34414238
23-033D,WIK,F,02,c6,8.848205647,5.298039421,27.57090647,72.1,1.254659875,0.812504354,0.098295364,0.285624119,0.048756646,0.251427918,0.193918982,0.34414238
23-033D,WIK,F,03,c6,7.337138053,6.379113148,28.939919,76,0.929640461,0.812504354,0.098295364,0.285624119,0.048756646,0.251427918,0.193918982,0.34414238
23-034A,WIK,M,01,c5,5.095363956,5.131219029,31.94395223,82,-0.06626119,0.533095861,0.207655222,0.204853643,0.026920429,0.184858404,0.145627293,1.013676003
23-034A,WIK,M,02,c5,6.062997739,5.151240467,24.98133208,72.8,-0.27327556,0.533095861,0.207655222,0.204853643,0.026920429,0.184858404,0.145627293,1.013676003
23-034A,WIK,M,03,c5,7.116866764,5.980971382,26.9882181,78,1.150282033,0.533095861,0.207655222,0.204853643,0.026920429,0.184858404,0.145627293,1.013676003
23-034B,WIK,F,01,c6,12.03773435,5.713453706,6.693135775,10.2,-0.649787585,0.219638476,0.047679235,0.06752906,6.48801e-05,0.062610231,0.001036254,0.706055067
23-034B,WIK,F,02,c6,8.863093628,5.360166604,19.41530512,61.8,0.5972885,0.219638476,0.047679235,0.06752906,6.48801e-05,0.062610231,0.001036254,0.706055067
23-034B,WIK,F,03,c6,6.584765855,4.337587388,21.39576029,59,-0.530627318,0.219638476,0.047679235,0.06752906,6.48801e-05,0.062610231,0.001036254,0.706055067
23-034C,WIK,F,01,c5,7.937618854,4.713457405,23.43367037,75.3,1.072380504,0.321297738,0.077697513,0.15158641,0.015962587,0.110463805,0.144505135,0.512562525
23-034C,WIK,F,02,c5,9.078918884,6.755100428,25.67543893,61.2,0.668132959,0.321297738,0.077697513,0.15158641,0.015962587,0.110463805,0.144505135,0.512562525
23-034C,WIK,F,03,c5,8.341466447,6.51460231,27.1928082,64.8,0.715961053,0.321297738,0.077697513,0.15158641,0.015962587,0.110463805,0.144505135,0.512562525
23-034D,WIK,M,01,c6,8.774008791,7.008254061,36.06356699,58.7,0.205196539,0.987773244,0.25136154,0.372295038,0.038923404,0.310928624,0.12518437,0.67516758
23-034D,WIK,M,02,c6,9.864022192,5.096577535,27.85116982,65.1,1.107429807,0.987773244,0.25136154,0.372295038,0.038923404,0.310928624,0.12518437,0.67516758
23-034D,WIK,M,03,c6,9.055999396,4.888432366,26.62776308,66.2,1.270913677,0.987773244,0.25136154,0.372295038,0.038923404,0.310928624,0.12518437,0.67516758
